Term,Def/Descr
Algorithms,a process or set of rules to be followed in calculations or other problem-solving operations esp. by a computer/s
Anti Virus,Software that monitors and quarantines threats on an computer system
Application Software,Application that run on a specific OS that allow a user to be productive
Arithmetic Operators,Use of + -  - -  * -  / and %  to combine simple expressions.
Automation,Often complicated tasks that run on computers involving limitted or no user interaction such as a macro
Base 10,The digits in the decimal number system are 0 -  1 -  2 -  3 -  4 -  5 - 6  -  7 -  8 and 9
Base 16,The hexadecimal number system
Base 2,The binary number system has only two digits -  namely 0 and 1.
Base 8,The octal number system
Binary,A base 2 system made up of 0's or 1's
Bit,Smallest single unit of digital information interpreted often by a 0 or 1 -  on or off -  yes or no etc.
Boolean,This data type holds the 2 logical values of true/false.
Boolean Operators,ïandÍ (&& -  combines values -  is true if both are true and false if either one is) -  ïorÍ -  (|| -  is true if either or both are true and false if both are) ïnotÍ(! -  will convert true to false and vice versa).
Bottom-up Design,Start at the bottom with what you already know and work up to the overall problem.
Break Point,A programmers pause point on a line of code where debugging can begin
Byte,8 bits of digital information
Camel or Pascal Case,The use of no spaces and capitals as only the first letter in a compound phrase for a variable or function (example: myFirstVar)
Case,This keyword is used in a switch to determing a specified value
CD-ROM,Compact disk read only memory -  typical specs include around 700MB of storage
Char,This data type holds a single unicode character
Class,The blueprint of an object usually containing a name -  constructor -  properties and actions.
Comment,Text that is ignored by the IDE when compiling
Compile,The act of translating regular English expressions used in modern programming languages into machine code
Compiled Language,A computer programming language that when published is turned into machine code or binary information
Computer,"A system made up of logic -  storage -  display -  input/output -  and communication systems usually packed into one physical ""box"""
Computer Virus,Any number of classified malicious programs designed to limit productivity and even harm computer hardware
Concatenation,The operation of joining two character strings or other values end-to-end
Console,Text area valuable for testing that returns information to the developer about the status of the program. You can write things specifically to the console window.
Constants,an identifier whose associated value cannot typically be altered 
Counted Loop,block of one or more instructions that are run again and again a given number of times
Data Types,one of many supported of information types reserved in memory
Debug,"The practice of monitoring and stepping through a program ""line by line"" to view variables and find problems or ""bugs"""
Decision Making,Stopping the flow of code to determine if a condition is true or false.
Declare Variables,Reserving and naming a memory location/unit so it can be used in a program.
Directory,An organizational unit on a computer given a name and has the potential to contain folders and files
Do While,a control flow statement that allows code to be executed repeatedly based on a given boolean condition
Documentation,Formal help files providing users with a reference to all intended functionality of a program
DVD,Digital versatile disk -  typical specs include around 4.7GB of storage
Entry Point,The beginning of a routine or method and not always the first line of code in a program
Enumerators or Enum,A list of constants in a program
Execute,A term used to describe running a program or application on a computer
Expressions,Portions of statements that contain calculations
File Compression, quick and effective way to turn the contents of a file or folder into a tidy package intended to be sent or posted as a single .zip file
Flagged or Sentinal Loop,Indicated by the end of a data entry
Float Point,describes a method of representing an approximation of a real number in a way that can support a wide range of values with decimals
Flow Charts,a diagram of the sequence of movements or actions of people or things involved in a complex system or activity
Formatted Text,Changing the appearance of characters in a program
Gigabyte,Approximately one billion bytes
GUI (Graphic User Interface),Allows user control with a mouse and icons on a display.
Hard Drive,Permanent storage device not requiring power to hold digital information
Hexadecimal,A number system that uses 16 digits with the lowest digit of 0 and highest of F.
High Level Language,Any computer programming language written in English words -  phrases and symbols - uncompiled code.
IDE,Integrated development environment or the program used to create applications that run on any number of systems
Identifiers,A name given to any type of variable in a program
IF Statement,"The use of ""if"" followed by a condition resulting in either true or false"
IF-ELSE Statement,A second condition statement specifying another true or false condition
Incrementing,Adding 1 to the variable sometimes using ++
Infinite Loop,A loop that has no logical conclusion.
Initialize Variables,Setting the first value of a variable so it can be used in a program.
Input String,Allowing the user to provide a value for a program.
Integer,This data type responds to 4 bytes: Range;{-2147483648 -  2147483647} or a number without decimals
Interpreted Language,A computer programming language that when run/downloaded does not need to be compiled to execute
Iterate,Creating a loop in a program.
Kernel,The software that contains the core components of the operating system
Keyboard,Input device comprised of numbers -  letters and symbols used in a given language
Keywords,Language specific terms often color coded in an IDE reserved for internal use only
Kilobyte,Approximately one thousand bytes
Literals,String of often concantenated and formatted characters for a message or returned value
Logic Error,Errors stemming from the improper use of operators and symbols that make an assignment (= instead of ==)
Logical Operators,typically used with Boolean (logical) values; when they are -  they return a Boolean value. However -  the && and || operators actually return the value of one of the specified operands -  so if these operators are used with non-Boolean values -  they may return a non-Boolean value.
Loop,Instructions sequences repeated. Another term for iterating.
Low Level Language,Machine code or sets of instructions only understood by a computer system
Megabyte,Approximately one million bytes
Modularity,Building software solutions that break the procedural or top down mold and use code chunks that become re-usable
Module,Part of a bigger system itÍs plugged intoî that interacts with the rest simply -  yet properly.
Modulo or %,This is used to indicate the remainder when one integer is divided by another.
Monitor,A display device allowing users to see a computer's interface (GUI)
Motherboard,The main circuit board in a computer where all major devices/systems are physically connected
Mouse,Input device that allows for point and click interaction from a user
Nested IF/IF-ELSE,Asking a true/false condition inside of another conditional
Nested Loop,Loop inside of a loop.
Network Adapter,Any physical communication device allowing a computer to connect to a network or the internet
Non-Primitive Types,Data types not defined by the programming language -  instead created by the programmer.
Object,A kind of module holding data and subroutines resulting from classes.
OOP,A kind of programming methodology using objects based on built classes.
Operands,Information on either side of an operator
Operators,The act of setting -  modifying or comparing  a value by introducing a mathematical symbol such as + or =
Order of Operations,P.E.M.D.A.S
OS,Operating systems including Windows -  OSX -  Android -  Unix -  Linux -  and iOS
Output String,A processed value returned to the user.
Parameter,The value in parentheses after the subroutine name -  which provides a subroutine with the info to do its task.
Path,Usually describes the absolute directory structure to a resource on a computer from the root of a drive inside any number of folders
Printer,A physical device used to render information on paper or other materials
Processor/CPU,Central processing unit -  the brain of a computer; cycles measure in hertz
Pseudocode,An informal commented code that helps you develop algorithms without having to worry about language specific syntax
RAM,Random access memory -  often considered volatile memory requiring power to function
Reference Parameters,The value in parentheses after the subroutine name -  which provides a subroutine with the info to do its task.
Relational Operators,Compares 2 values with == - != -  < -  > -  <= -  >=
Return Values,The result of a function -  procedure or method that instead of simply running -  will pass off information such as a string or an integer
ROM,Read only memory -  digital information that cannot be altered
Runtime Error,"Often called ""execution errors"" occur when a program must halt immediately without completing an operation"
SDLC,Software development lifecycle or span of a products development -  testing and use
SDLC,systems development life cycle (SDLC) -  also referred to as the application development life-cycle -  is a term used in systems engineering -  information systems and software engineering to describe a process for planning -  creating -  testing -  and deploying an information system.
Selection,Highlighting a block of text with the intent to copy -  move -  paste or delete it from the editor
Shall Statements,Any specific function declaration of a program -  most likely driven by a clients requirements of a specific product
Simple Identifiers,Simpler names with just 1 word.
Software Testing,Any automated or manual processes intended to run a program under varrying sets of circumstances while still functioning
SSD,"Solid state drive built with flash drive technology thus implying ""no moving parts"""
Strings,Traditionally a sequence of characters -  either as a literal constant or as some kind of variable.
Strongly Typed,It enforces the rule that a variable can only hold its assigned data type.
Structured Programming/Top-down Programming,Break a large problem down into smaller and smaller pieces until you can solve one problem that can be solved directly without further decomposition
Subroutines,Explains the often complicated set of instructions inside a function -  procedure or method
Switch,A form of decision making specifying results of int or char values
Syntax Error,Occurs when the compiler encounters code that violated the language rules
System Tools,"Software included within an OS used to keep the system ""healthy"""
Terabyte,Approximately one trillion bytes
Type Conversion,Ways of -  implicitly or explicitly -  changing an entity of one data type into another.
UML,Activity diagram models the workflow (also called the activity) of a portion of a software system
Utility Software,Application used to monitor -  maintain -  tweak -  or improve a computer system
Video/Graphics,A system inside a computer that handles information displayed on a monitor or projector
Web Based Software,Applications delivered through an internet browser and run off of a central server
White Space,Space between characters -  words or phrases in an IDE that is generally ignored during the compiling process
