Day #,Unit,Stand,Obj,Topic,Description,Pts,A Day,,B Day,
T1:1,Basics,-,-,Class Intro,Course disclosure and orientation,,"Monday, August 25, 14",T1-01,T1-01,"Tuesday, August 26, 14"
T1:2,Basics,-,-,Benchmark,,,"Wednesday, August 27, 14",T1-02,T1-02,"Thursday, August 28, 14"
T1:3,Basics,-,-,Software Basics,,,"Friday, August 29, 14",T1-03,T1-03,"Tuesday, September 2, 14"
T1:4,Basics,-,-,Hardware Basics,,,"Wednesday, September 3, 14",T1-04,T1-04,"Thursday, September 4, 14"
T1:5,Basics,-,-,History,,,"Friday, September 5, 14",T1-05,T1-05,"Monday, September 8, 14"
T1:6,Basics,-,-,Portfolio Intro,,,"Tuesday, September 9, 14",T1-06,T1-06,"Wednesday, September 10, 14"
T1:7,Basics,-,-,Basics Quiz,,,"Thursday, September 11, 14",T1-07,T1-07,"Friday, September 12, 14"
T1:8,Data Types,-,-,,,,"Monday, September 15, 14",T1-08,T1-08,"Tuesday, September 16, 14"
T1:9,Data Types,-,-,,,,"Wednesday, September 17, 14",T1-09,T1-09,"Thursday, September 18, 14"
T1:10,Data Types,-,-,,,,"Friday, September 19, 14",T1-10,T1-10,"Monday, September 22, 14"
T1:11,Data Types,-,-,,,,"Tuesday, September 23, 14",T1-11,T1-11,"Wednesday, September 24, 14"
T1:12,Data Types,-,-,,,,"Thursday, September 25, 14",T1-12,T1-12,"Monday, September 29, 14"
T1:13,Data Types,-,-,Data Types Quiz,,,"Tuesday, September 30, 14",T1-13,T1-13,"Wednesday, October 1, 14"
T1:14,Decisions,-,-,,,,"Thursday, October 2, 14",T1-14,T1-14,"Friday, October 3, 14"
T1:15,Decisions,-,-,,,,"Monday, October 6, 14",T1-15,T1-15,"Tuesday, October 7, 14"
T1:16,Decisions,,,,,,"Wednesday, October 8, 14",T1-16,T1-16,"Thursday, October 9, 14"
T1:17,Decisions,-,-,,,,"Friday, October 10, 14",T1-17,T1-17,"Monday, October 13, 14"
T1:18,Decisions,-,-,,,,"Tuesday, October 14, 14",T1-18,T1-18,"Wednesday, October 15, 14"
T1:19,Decisions,-,-,,,,"Monday, October 20, 14",T1-19,T1-19,"Tuesday, October 21, 14"
T1:20,Decisions,-,-,Project,,,"Wednesday, October 22, 14",T1-20,T1-20,"Thursday, October 23, 14"
T1:21,Decisions,-,-,Project,,,"Friday, October 24, 14",T1-21,T1-21,"Monday, October 27, 14"
T1:22,Decisions,-,-,Project,,,"Tuesday, October 28, 14",T1-22,T1-22,"Wednesday, October 29, 14"
T1:23,Decisions,-,-,Decisions Quiz,,,"Thursday, October 30, 14",T1-23,,
,,,,,,,,,,
T2:24,Loops,-,-,,,,"Monday, November 3, 14",T2-01,T2-01,"Tuesday, November 4, 14"
T2:25,Loops,-,-,,,,"Wednesday, November 5, 14",T2-02,T2-02,"Thursday, November 6, 14"
T2:26,Loops,-,-,,,,"Friday, November 7, 14",T2-03,T2-03,"Monday, November 10, 14"
T2:27,Loops,-,-,,,,"Tuesday, November 11, 14",T2-04,T2-04,"Wednesday, November 12, 14"
T2:28,Loops,-,-,,,,"Thursday, November 13, 14",T2-05,T2-05,"Friday, November 14, 14"
T2:29,Loops,-,-,,,,"Monday, November 17, 14",T2-06,T2-06,"Tuesday, November 18, 14"
T2:30,Loops,-,-,,,,"Wednesday, November 19, 14",T2-07,T2-07,"Thursday, November 20, 14"
T2:31,Loops,-,-,Loops Quiz,,,"Friday, November 21, 14",T2-08,T2-08,"Monday, November 24, 14"
T2:32,Arrays,-,-,,,,"Tuesday, November 25, 14",T2-09,T2-09,"Monday, December 1, 14"
T2:33,Arrays,-,-,,,,"Tuesday, December 2, 14",T2-10,T2-10,"Wednesday, December 3, 14"
T2:34,Arrays,-,-,,,,"Thursday, December 4, 14",T2-11,T2-11,"Friday, December 5, 14"
T2:35,Arrays,-,-,,,,"Monday, December 8, 14",T2-12,T2-12,"Tuesday, December 9, 14"
T2:36,Arrays,-,-,Arrays Quiz,,,"Wednesday, December 10, 14",T2-13,T2-13,"Thursday, December 11, 14"
T2:37,Classes,-,-,,,,"Friday, December 12, 14",T2-14,T2-14,"Monday, December 15, 14"
T2:38,Classes,-,-,,,,"Tuesday, December 16, 14",T2-15,T2-15,"Wednesday, December 17, 14"
T2:39,Classes,-,-,,,,"Thursday, December 18, 14",T2-16,T2-16,"Friday, December 19, 14"
T2:40,Classes,-,-,Classes Quiz,,,"Monday, January 5, 15",T2-17,T2-17,"Tuesday, January 6, 15"
T2:41,Classes,-,-,Project,,,"Wednesday, January 7, 15",T2-18,T2-18,"Thursday, January 8, 15"
T2:42,Classes,-,-,Project,,,"Friday, January 9, 15",T2-19,T2-19,"Monday, January 12, 15"
T2:43,Classes,-,-,Project,,,"Tuesday, January 13, 15",T2-20,T2-20,"Wednesday, January 14, 15"
T2:44,Classes,-,-,State Test CP1A,Test summarizes fundamental learned in semester 1 and is NOT language specific.,,"Thursday, January 15, 15",T2-21,,
,,,,,,,,,,
T3:45,Lang Intro,-,-,,,,"Tuesday, January 20, 15",T3-01,T3-01,"Wednesday, January 21, 15"
T3:46,Lang Intro,-,-,,,,"Thursday, January 22, 15",T3-02,T3-02,"Friday, January 23, 15"
T3:47,Lang Intro,-,-,,,,"Monday, January 26, 15",T3-03,T3-03,"Tuesday, January 27, 15"
T3:48,Lang Intro,-,-,,,,"Wednesday, January 28, 15",T3-04,T3-04,"Thursday, January 29, 15"
T3:49,Lang Intro,-,-,,,,"Friday, January 30, 15",T3-05,T3-05,"Monday, February 2, 15"
T3:50,Arrays,-,-,,,,"Tuesday, February 3, 15",T3-06,T3-06,"Wednesday, February 4, 15"
T3:51,Arrays,-,-,,,,"Thursday, February 5, 15",T3-07,T3-07,"Friday, February 6, 15"
T3:52,Arrays,-,-,,,,"Monday, February 9, 15",T3-08,T3-08,"Tuesday, February 10, 15"
T3:53,Arrays,-,-,,,,"Wednesday, February 11, 15",T3-09,T3-09,"Thursday, February 12, 15"
T3:54,Arrays,-,-,,,,"Tuesday, February 17, 15",T3-10,T3-10,"Wednesday, February 18, 15"
T3:55,Arrays,-,-,,,,"Thursday, February 19, 15",T3-11,T3-11,"Friday, February 20, 15"
T3:56,Arrays,-,-,,,,"Monday, February 23, 15",T3-12,T3-12,"Tuesday, February 24, 15"
T3:57,Arrays,-,-,,,,"Wednesday, February 25, 15",T3-13,T3-13,"Thursday, February 26, 15"
T3:58,File I/O,-,-,,,,"Friday, February 27, 15",T3-14,T3-14,"Monday, March 2, 15"
T3:59,File I/O,-,-,,,,"Tuesday, March 3, 15",T3-15,T3-15,"Wednesday, March 4, 15"
T3:60,File I/O,-,-,Project,,,"Thursday, March 5, 15",T3-16,T3-16,"Friday, March 6, 15"
T3:61,File I/O,-,-,Project,,,"Monday, March 9, 15",T3-17,T3-17,"Tuesday, March 10, 15"
T3:62,File I/O,-,-,Project,,,"Wednesday, March 11, 15",T3-18,T3-18,"Thursday, March 12, 15"
T3:63,File I/O,-,-,,,,"Friday, March 13, 15",T3-19,T3-19,"Monday, March 16, 15"
T3:64,File I/O,-,-,,,,"Tuesday, March 17, 15",T3-20,T3-20,"Wednesday, March 18, 15"
T3:65,File I/O,-,-,,,,"Thursday, March 19, 15",T3-21,,
,,,,,,,,,,
T4:66,-,-,-,,,,"Monday, March 23, 15",T4-01,T4-01,"Tuesday, March 24, 15"
T4:67,-,-,-,,,,"Wednesday, March 25, 15",T4-02,T4-02,"Thursday, March 26, 15"
T4:68,-,-,-,,,,"Friday, March 27, 15",T4-03,T4-03,"Monday, March 30, 15"
T4:69,-,-,-,,,,"Tuesday, March 31, 15",T4-04,T4-04,"Wednesday, April 1, 15"
T4:70,-,-,-,Project,,,"Tuesday, April 7, 15",T4-05,T4-05,"Wednesday, April 8, 15"
T4:71,-,-,-,Project,,,"Thursday, April 9, 15",T4-06,T4-06,"Friday, April 10, 15"
T4:72,-,-,-,Project,,,"Monday, April 13, 15",T4-07,T4-07,"Tuesday, April 14, 15"
T4:73,-,-,-,,,,"Wednesday, April 15, 15",T4-08,T4-08,"Thursday, April 16, 15"
T4:74,-,-,-,,,,"Friday, April 17, 15",T4-09,T4-09,"Monday, April 20, 15"
T4:75,-,-,-,,,,"Tuesday, April 21, 15",T4-10,T4-10,"Wednesday, April 22, 15"
T4:76,-,-,-,,,,"Thursday, April 23, 15",T4-11,T4-11,"Friday, April 24, 15"
T4:77,-,-,-,,,,"Monday, April 27, 15",T4-12,T4-12,"Tuesday, April 28, 15"
T4:78,-,-,-,,,,"Wednesday, April 29, 15",T4-13,T4-13,"Thursday, April 30, 15"
T4:79,-,-,-,,,,"Friday, May 1, 15",T4-14,T4-14,"Monday, May 4, 15"
T4:80,-,-,-,,,,"Tuesday, May 5, 15",T4-15,T4-15,"Wednesday, May 6, 15"
T4:81,Final/Port,-,-,Project,,,"Thursday, May 7, 15",T4-16,T4-16,"Friday, May 8, 15"
T4:82,Final/Port,-,-,Project,,,"Monday, May 11, 15",T4-17,T4-17,"Tuesday, May 12, 15"
T4:83,Final/Port,-,-,Project,,,"Wednesday, May 13, 15",T4-18,T4-18,"Thursday, May 14, 15"
T4:84,Final/Port,-,-,,,,"Friday, May 15, 15",T4-19,T4-19,"Monday, May 18, 15"
T4:85,Final/Port,-,-,,,,"Tuesday, May 19, 15",T4-20,T4-20,"Wednesday, May 20, 15"
T4:86,Final/Port,-,-,,,,"Thursday, May 21, 15",T4-21,T4-21,"Friday, May 22, 15"
T4:87,Final/Port,-,-,,,,"Tuesday, May 26, 15",T4-22,T4-22,"Wednesday, May 27, 15"
T4:88,Final/Port,-,-,,,,"Thursday, May 28, 15",T4-23,T4-23,"Friday, May 29, 15"
T4:89,Final/Port,-,-,,,,"Monday, June 1, 15",T4-24,T4-24,"Tuesday, June 2, 15"
T4:90,Final/Port,-,-,,,,"Wednesday, June 3, 15",T4-25,T4-25,"Thursday, June 4, 15"
T4:91,Final/Port,-,-,State Test CP1B,"Tests offered in any/all of the following languages: C++, C#, Java, Python and VB",,"Friday, June 5, 15",T4-26,,